{
    "loss": 2.908381462097168,
    "accuracy": 0.6115108132362366
}