{
    "loss": 9.147787094116211,
    "accuracy": 0.5035971403121948
}